{
    "$schema": "https://schema.management.azure.com/schemas/2015-01-01/deploymentParameters.json#",
    "contentVersion": "1.0.0.0",
    "parameters": {
        "workflows_shotOfTheDayCreateImg_name": {
            "value": null
        },
        "connections_azureblob_externalid": {
            "value": null
        },
        "connections_documentdb_externalid": {
            "value": null
        },
        "connections_azurequeues_externalid": {
            "value": null
        }
    }
}